Smallflower Fishhook Cactus,65 Moland Plaza
Watermeal,873 Schlimgen Circle
Cumberland Stitchwort,62510 Grayhawk Parkway
Jointed Spikesedge,3 Pleasure Parkway
Harlequin Phacelia,8 Elgar Junction
Longleaf Phlox,00710 Stone Corner Alley
Yellowdot Saxifrage,9 Paget Road
Sanionia Moss,297 Northfield Alley
Proliferous Pink,2 Bobwhite Center
Pinewoods Horkelia,6 Golden Leaf Crossing
Kopiko Kea,7 Marquette Trail
Carolina Joe Pye Weed,04235 Walton Park
Dill Daisy,175 Almo Street
Sharpleaf Gumweed,44 Butternut Alley
Leathery Polypody,92 Fair Oaks Lane
Coneplant,7998 Hudson Crossing
Saelania Moss,6 Oak Valley Center
Macdougal's Bluebells,812 Lake View Terrace
Asian Taro,6774 Mallory Street
Colorado Gumweed,08713 Paget Park
Carolina Fimbry,74 Birchwood Parkway
Twoscale Saltbush,6451 Rigney Parkway
Coco Yam,4 Montana Pass
Hasse's Lecidea Lichen,9 Brentwood Road
California Rockcress,1145 Merchant Trail
Shining Pepperweed,9 Jana Plaza
Island Goldback Fern,364 Division Hill
Slender Milkvetch,8 Katie Trail
Shell Lichen,20798 Dixon Park
Southwestern Ringstem,3971 Clove Drive
Green Orchid,20202 Warbler Court
Wasatch Bluegrass,0658 Shopko Crossing
Passionflower,2543 Nevada Drive
Zarzabacoa De Dos Hojas,85 Kipling Avenue
Cyrtomnium Moss,14829 Merrick Point
Clustered Hawthorn,58 Nevada Pass
Prostrate Hutchinsia,93807 Hanover Lane
Palmer's Saxifrage,59 Karstens Park
Turkey Tangle Fogfruit,59 Service Parkway
Bellybutton Veinfern,7335 Golf Course Court
Spreading Buckwheat,152 Vernon Trail
Cieneguillo,4344 Waxwing Parkway
Abert's Creeping Zinnia,1 Blackbird Place
Robin Redbreast Bush,7830 Carioca Place
Prickleleaf,73258 Petterle Crossing
Nikko Fir,60 Talisman Circle
Lemonyellow Rosemallow,0074 Portage Lane
American Umbrellaleaf,978 East Parkway
Bird's-eye Gilia,41 Bunker Hill Street
Newberry's Lipfern,206 Di Loreto Avenue
Meyen's Twinsorus Fern,14 Messerschmidt Alley
Mullein,8 Burrows Junction
Virginia Springbeauty,935 Lakewood Gardens Court
Newton's Larkspur,0 Talmadge Trail
Roundleaf Phacelia,052 Park Meadow Point
Mat Muhly,076 Commercial Place
Cataract Vaupesia,0 Manitowish Street
Stiffhair Waxweed,97115 Southridge Court
Ale,13935 Mallory Alley
Nerveray,42994 Alpine Parkway
Coastal Pricklypear,2448 Northfield Place
Arrow-leaf Thelypody,55077 Everett Crossing
Poorman's Patch,51 Amoth Parkway
Butomus,79809 Clemons Point
Small Saltbush,89 Holmberg Way
Scrub Balm,238 Menomonie Alley
Kaweah Lakes Fawnlily,58 Thackeray Lane
Matasano,132 Northridge Plaza
Smooth Tidytips,0918 Sachtjen Alley
Pinyon Desert Cryptantha,26 Hoard Way
Alpine Fescue,4485 Knutson Trail
Rush Lemonweed,704 Carpenter Center
Dicranoweisia Moss,545 Reindahl Road
False Seaonion,260 Burning Wood Hill
Refugio Zephyrlily,661 Golf Course Parkway
Iris,43 Nova Place
Littorella,1 Washington Way
Smallflower Miterwort,0652 Saint Paul Terrace
Slender Yelloweyed Grass,03268 Fuller Place
Sierra Gooseberry,4703 Mcbride Road
Fleshy Honeysweet,7 Buell Street
Narrowleaf Water Plantain,2181 Red Cloud Hill
Texas Bluestar,4 Melby Lane
Trembleya,196 Towne Park
Western Catchfly,8344 Hauk Lane
Prostrate Pigweed,46 Karstens Alley
Crato Passionvine,335 Nelson Road
Glandular Clover,03 Sundown Plaza
Variable Bean,6789 Lyons Junction
Arthothelium Lichen,1756 Riverside Crossing
Depressed Ipomopsis,85 American Junction
Calophyllum,6 Everett Avenue
Vinegartree,3 Miller Circle
Sphagnum,00 Wayridge Lane
Wenatchee Indian Paintbrush,80628 Dovetail Circle
Darlington Oak,7404 Farragut Avenue
Dot Lichen,1 Rieder Terrace
Rand's Goldenrod,42 Farwell Drive
Dane's Blood,723 Namekagon Court
Western Leatherwood,5 Fairfield Parkway
