hstollhofer0@auda.org.au,helloway0
dacheson1@dell.com,jurch1
gainslee2@foxnews.com,dbukowski2
cmainland3@bandcamp.com,cswyer3
llamlin4@toplist.cz,dpargiter4
dzecchii5@issuu.com,dthorington5
anelthropp6@eventbrite.com,ibohman6
ksebert7@feedburner.com,sblade7
jledward8@hhs.gov,bbernaldez8
pwhittock9@unblog.fr,agreenslade9
rlofthousea@cdbaby.com,chuggona
rjaeggib@wikimedia.org,sspellsworthb
mpenticostc@mapy.cz,babbatuccic
mlindopd@oracle.com,tklinerd
rwhitseye@digg.com,fdumpere
cmeddingsf@hugedomains.com,bcrichf
rprowtingg@mayoclinic.com,dharknessg
kdigglesh@geocities.jp,cheathwoodh
bcurrori@google.fr,abideweli
lcoultj@purevolume.com,mdamrellj
cspringatek@51.la,eskaifk
loholleganl@google.com.au,rmccaughranl
rmeddickm@scribd.com,dgillebridem
eayrisn@jigsy.com,rpontinn
cwindeatto@amazonaws.com,rebbottso
cbeaversp@un.org,adawnayp
mshakspeareq@harvard.edu,dsimminsq
sportisr@delicious.com,lmauntonr
nradbornes@nps.gov,icawtheras
kmaunderst@guardian.co.uk,fdrewsont
ewantlingu@mac.com,dlemarquandu
tgregonv@youtu.be,lkiltiev
rkellewayw@hibu.com,cmugfordw
ktorrecillax@weebly.com,edashkovichx
wthurmany@gnu.org,bmcclintony
czanittiz@cafepress.com,kboysez
rfivey10@redcross.org,mkahler10
rfranek11@google.com.br,dscoffham11
jslamaker12@columbia.edu,jbaudoux12
ewandrich13@hud.gov,mborrott13
achatt14@netscape.com,dosgar14
pmuldownie15@japanpost.jp,vstudders15
sdrogan16@sfgate.com,hconsterdine16
eghest17@amazonaws.com,gclewlowe17
mcancutt18@omniture.com,enotton18
bcavy19@economist.com,lmeharry19
sgoudman1a@dot.gov,lallin1a
hsomner1b@newsvine.com,mfilshin1b
ecasement1c@sakura.ne.jp,wgibbeson1c
daymerich1d@fastcompany.com,bwassung1d
nhearn1e@godaddy.com,msexstone1e
jjent1f@symantec.com,dspykings1f
npennicard1g@sciencedaily.com,eaitkenhead1g
dcarluccio1h@techcrunch.com,tcockton1h
jguild1i@toplist.cz,ldorsey1i
erosterne1j@jigsy.com,mrazzell1j
bcockshoot1k@google.fr,msyrett1k
jdeverose1l@amazon.co.jp,gkincaid1l
jmurch1m@sohu.com,tcrawshay1m
ckolis1n@tumblr.com,iscolts1n
calvis1o@digg.com,lsabey1o
gsimak1p@issuu.com,clecordier1p
hgascone1q@stumbleupon.com,rwhitsun1q
rkerswill1r@msn.com,croelofs1r
vfenimore1s@unc.edu,galflatt1s
sloble1t@nbcnews.com,mdenrico1t
pdauber1u@booking.com,msneddon1u
chonnicott1v@disqus.com,bhulatt1v
araphael1w@ustream.tv,aattenbrow1w
wwayper1x@nps.gov,creisin1x
kbamborough1y@stumbleupon.com,tzavattieri1y
meastcourt1z@examiner.com,merwin1z
iboothebie20@smh.com.au,sweinmann20
wtenney21@ezinearticles.com,egrzelczyk21
tvenes22@thetimes.co.uk,lmarchant22
mmackeller23@usnews.com,sminall23
mdawidsohn24@stanford.edu,ddurden24
wbottlestone25@biglobe.ne.jp,acadney25
gkeppel26@cdc.gov,cfeavers26
dloudyan27@biblegateway.com,gblaxland27
romahoney28@shareasale.com,ppettigrew28
snorgate29@usnews.com,eprobate29
btanswill2a@quantcast.com,acisland2a
mtomlin2b@opensource.org,jbritee2b
nlambertini2c@weibo.com,tthaw2c
chuntingford2d@miibeian.gov.cn,cmaps2d
ojoyce2e@simplemachines.org,gburgess2e
amcsharry2f@ow.ly,jdorney2f
lscarse2g@blog.com,vwainman2g
hfoxten2h@wiley.com,rmichurin2h
lfrancescozzi2i@odnoklassniki.ru,ospurrett2i
zchoppin2j@google.it,nvashchenko2j
loshiel2k@cnet.com,jjozefiak2k
svoas2l@whitehouse.gov,ibirkby2l
nhaire2m@princeton.edu,nsertin2m
kmarshman2n@cisco.com,lkassman2n
jdonati2o@altervista.org,aschaumaker2o
jmaharg2p@google.com.hk,ahackleton2p
vcockshott2q@barnesandnoble.com,wtrobey2q
sjosland2r@g.co,mmccaughan2r
